{"support": [{"tokens": ["Bile", "duct", "hamartoma", "occurring", "in", "association", "with", "long-term", "treatment", "with", "danazol", ".", "We", "report", "a", "case", "of", "bile", "duct", "hamartoma", "which", "developed", "in", "a", "patient", "who", "had", "been", "on", "long-term", "danazol", "treatment.", "Such", "patients", "should", "be", "under", "close", "follow-up,", "preferably", "with", "periodic", "ultrasound", "examination", "of", "the", "liver.", "If", "the", "patient", "develops", "a", "liver", "mass"], "entity": [{"text": "Bile duct hamartoma", "offset": [0, 3], "type": "Disease"}, {"text": "danazol", "offset": [10, 11], "type": "Chemical"}, {"text": "bile duct hamartoma", "offset": [17, 20], "type": "Disease"}, {"text": "danazol", "offset": [30, 31], "type": "Chemical"}, {"text": "liver mass", "offset": [52, 54], "type": "Disease"}], "class_count": {"Disease": 3, "Chemical": 2}}], "target_label": ["Chemical", "Disease", "O"]}
{"support": [{"tokens": ["Octreotide", "-induced", "hypoxemia", "and", "pulmonary", "hypertension", "in", "premature", "neonates.", "The", "authors", "report", "2", "cases", "of", "premature", "neonates", "who", "had", "enterocutaneous", "fistula", "complicating", "necrotizing", "enterocolitis", ".", "Pulmonary", "hypertension", "developed", "after", "administration", "of", "a", "somatostatin", "analogue,", "octreotide", ",", "to", "enhance", "resolution", "of", "the", "fistula"], "entity": [{"text": "Octreotide", "offset": [0, 1], "type": "Chemical"}, {"text": "hypoxemia", "offset": [2, 3], "type": "Disease"}, {"text": "pulmonary hypertension", "offset": [4, 6], "type": "Disease"}, {"text": "fistula", "offset": [20, 21], "type": "Disease"}, {"text": "necrotizing enterocolitis", "offset": [22, 24], "type": "Disease"}, {"text": "Pulmonary hypertension", "offset": [25, 27], "type": "Disease"}, {"text": "octreotide", "offset": [34, 35], "type": "Chemical"}, {"text": "fistula", "offset": [41, 42], "type": "Disease"}], "class_count": {"Chemical": 2, "Disease": 6}}], "target_label": ["Chemical", "Disease", "O"]}
{"support": [{"tokens": ["Suxamethonium", "infusion", "rate", "and", "observed", "fasciculations", ".", "A", "dose-response", "study.", "Suxamethonium", "chloride", "(", "Sch", ")", "was", "administered", "i.v.", "to", "36", "adult", "males", "at", "six", "rates:", "0.25", "mg", "s-1", "to", "20", "mg", "s-1.", "The", "infusion", "was", "discontinued", "either", "when", "there", "was", "no", "muscular", "response", "to", "tetanic", "stimulation", "of", "the", "ulnar", "nerve", "or", "when", "Sch", "120", "mg", "was", "exceeded.", "Six", "additional", "patients", "received", "a", "30-mg", "i.v.", "bolus", "dose.", "Fasciculations", "in", "six", "areas", "of", "the", "body", "were", "scored", "from", "0", "to", "3", "and", "summated", "as", "a", "total", "fasciculation", "score.", "The", "times", "to", "first", "fasciculation", ",", "twitch", "suppression", "and", "tetanus", "suppression", "were", "inversely", "related", "to", "the", "infusion", "rates.", "Fasciculations", "in", "the", "six", "areas", "and", "the", "total", "fasciculation", "score", "were", "related", "directly", "to", "the", "rate", "of", "infusion.", "Total", "fasciculation"], "entity": [{"text": "Suxamethonium", "offset": [0, 1], "type": "Chemical"}, {"text": "fasciculations", "offset": [5, 6], "type": "Disease"}, {"text": "Suxamethonium chloride", "offset": [10, 12], "type": "Chemical"}, {"text": "Sch", "offset": [13, 14], "type": "Chemical"}, {"text": "tetanic", "offset": [44, 45], "type": "Disease"}, {"text": "Sch", "offset": [52, 53], "type": "Chemical"}, {"text": "Fasciculations", "offset": [66, 67], "type": "Disease"}, {"text": "fasciculation", "offset": [84, 85], "type": "Disease"}, {"text": "fasciculation", "offset": [90, 91], "type": "Disease"}, {"text": "twitch", "offset": [92, 93], "type": "Disease"}, {"text": "tetanus", "offset": [95, 96], "type": "Disease"}, {"text": "Fasciculations", "offset": [104, 105], "type": "Disease"}, {"text": "fasciculation", "offset": [112, 113], "type": "Disease"}, {"text": "fasciculation", "offset": [123, 124], "type": "Disease"}], "class_count": {"Chemical": 4, "Disease": 10}}], "target_label": ["Chemical", "Disease", "O"]}
{"support": [{"tokens": ["Erythema", "multiforme", "and", "hypersensitivity", "myocarditis", "caused", "by", "ampicillin", ".", "OBJECTIVE:", "To", "report", "a", "case", "of", "erythema", "multiforme", "and", "hypersensitivity", "myocarditis", "caused", "by", "ampicillin", ".", "CASE", "SUMMARY:", "A", "13-year-old", "boy", "was", "treated", "with", "ampicillin", "and", "gentamicin", "because", "of", "suspected", "septicemia", ".", "Medications", "were", "discontinued", "when", "erythema", "multiforme", "and", "congestive", "heart", "failure", "caused", "by", "myocarditis", "occurred.", "The", "patient", "was", "treated", "with", "methylprednisolone", "and", "gradually", "improved.", "Macrophage-migration", "inhibition", "(MIF)", "test", "with", "ampicillin", "was", "positive.", "DISCUSSION:", "After", "most", "infections", "causing", "erythema", "multiforme", "and", "myocarditis", "were", "ruled", "out,", "a", "drug-induced", "allergic", "reaction", "was", "suspected.", "Positive", "MIF", "test", "for", "ampicillin", "showed", "sensitization", "of", "the", "patient's", "lymphocytes", "to", "ampicillin", ".", "CONCLUSIONS:", "Hypersensitivity", "myocarditis", "is", "a", "rare", "and", "dangerous", "manifestation", "of", "allergy", "to", "penicillins"], "entity": [{"text": "Erythema multiforme", "offset": [0, 2], "type": "Disease"}, {"text": "hypersensitivity myocarditis", "offset": [3, 5], "type": "Disease"}, {"text": "ampicillin", "offset": [7, 8], "type": "Chemical"}, {"text": "erythema multiforme", "offset": [15, 17], "type": "Disease"}, {"text": "hypersensitivity myocarditis", "offset": [18, 20], "type": "Disease"}, {"text": "ampicillin", "offset": [22, 23], "type": "Chemical"}, {"text": "ampicillin", "offset": [32, 33], "type": "Chemical"}, {"text": "gentamicin", "offset": [34, 35], "type": "Chemical"}, {"text": "septicemia", "offset": [38, 39], "type": "Disease"}, {"text": "erythema multiforme", "offset": [44, 46], "type": "Disease"}, {"text": "congestive heart failure", "offset": [47, 50], "type": "Disease"}, {"text": "myocarditis", "offset": [52, 53], "type": "Disease"}, {"text": "methylprednisolone", "offset": [59, 60], "type": "Chemical"}, {"text": "ampicillin", "offset": [68, 69], "type": "Chemical"}, {"text": "infections", "offset": [74, 75], "type": "Disease"}, {"text": "erythema multiforme", "offset": [76, 78], "type": "Disease"}, {"text": "myocarditis", "offset": [79, 80], "type": "Disease"}, {"text": "drug-induced allergic reaction", "offset": [84, 87], "type": "Disease"}, {"text": "ampicillin", "offset": [93, 94], "type": "Chemical"}, {"text": "ampicillin", "offset": [101, 102], "type": "Chemical"}, {"text": "Hypersensitivity myocarditis", "offset": [104, 106], "type": "Disease"}, {"text": "allergy", "offset": [113, 114], "type": "Disease"}, {"text": "penicillins", "offset": [115, 116], "type": "Chemical"}], "class_count": {"Disease": 14, "Chemical": 9}}], "target_label": ["Chemical", "Disease", "O"]}
{"support": [{"tokens": ["Veno-occlusive", "liver", "disease", "after", "dacarbazine", "therapy", "(", "DTIC", ")", "for", "melanoma", ".", "A", "case", "of", "veno-occlusive", "disease", "of", "the", "liver", "with", "fatal", "outcome", "after", "dacarbazine", "(", "DTIC", ")", "therapy", "for", "melanoma", "is", "reported.", "There", "was", "a", "fulminant", "clinical", "course", "from", "start", "of", "symptoms", "until", "death", ".", "At", "autopsy", "the", "liver", "was", "enlarged", "and", "firm", "with", "signs", "of", "venous", "congestion", ".", "Small-", "and", "medium-sized", "hepatic", "veins", "were", "blocked", "by", "thrombosis"], "entity": [{"text": "Veno-occlusive liver disease", "offset": [0, 3], "type": "Disease"}, {"text": "dacarbazine", "offset": [4, 5], "type": "Chemical"}, {"text": "DTIC", "offset": [7, 8], "type": "Chemical"}, {"text": "melanoma", "offset": [10, 11], "type": "Disease"}, {"text": "veno-occlusive disease of the liver", "offset": [15, 20], "type": "Disease"}, {"text": "dacarbazine", "offset": [24, 25], "type": "Chemical"}, {"text": "DTIC", "offset": [26, 27], "type": "Chemical"}, {"text": "melanoma", "offset": [30, 31], "type": "Disease"}, {"text": "death", "offset": [44, 45], "type": "Disease"}, {"text": "venous congestion", "offset": [57, 59], "type": "Disease"}, {"text": "thrombosis", "offset": [68, 69], "type": "Disease"}], "class_count": {"Disease": 7, "Chemical": 4}}], "target_label": ["Chemical", "Disease", "O"]}
